Time,LIMS:1110SUEZ0002.SALT,LIMS:1110SUEZ0005.SALT,LIMS:1110SUEZ0005.BSW CRUDE,LIMS:1110SUEZ0007.SALT,LIMS:1110SUEZ0010.BSW CRUDE,LIMS:1110SUEZ0010.SALT,LIMS:1110SUEZ0016.Cl,LIMS:1110SUEZ0016.pH,LIMS:1110SUEZ0016.Tfe
2022-12-01 00:00:00,,,,,,,26.166666666666668,6.084999879201253,0.2666666731238365
2022-12-01 12:00:00,,,,,0.10000000149011612,,,5.710000038146973,0.6000000238418579
2022-12-02 00:00:00,,,0.10000000149011612,,0.10000000149011612,0.5416666766007742,21.666666666666668,5.700000047683716,
2022-12-02 12:00:00,0.6899999976158142,,0.10000000149011612,,,,,,0.800000011920929
2022-12-03 00:00:00,,0.4033333311478297,,,0.10000000149011612,0.49666666487852734,,5.645000060399373,
2022-12-03 12:00:00,,,,,0.10000000149011612,0.47999998927116394,23.0,,
2022-12-04 00:00:00,,0.3700000047683716,,,,0.47999998927116394,23.0,,
2022-12-04 12:00:00,,,,,0.10000000149011612,,,,0.6000000238418579
2022-12-05 00:00:00,,0.35500000417232513,0.09166666803260644,,0.09166666803260644,0.4599999934434891,23.166666666666668,,
2022-12-05 12:00:00,,,,1.090000033378601,0.05000000074505806,0.36000001430511475,24.0,5.550000190734863,
2022-12-06 00:00:00,,,,1.0133333603541057,0.058333334202567734,0.35000001390775043,,5.5550001462300616,0.7666666805744171
2022-12-06 12:00:00,,,,0.6299999952316284,0.10000000149011612,,22.0,5.579999923706055,0.6000000238418579
2022-12-07 00:00:00,0.5666666775941849,0.2549999977151553,,0.7450000047683716,0.09166666803260644,0.3266666779915492,21.833333333333332,5.574999968210856,
2022-12-07 12:00:00,,,0.05000000074505806,,,,21.0,5.550000190734863,0.6000000238418579
2022-12-08 00:00:00,1.051666686932246,0.33666667838891345,0.058333334202567734,,,0.45500000814596814,,,
2022-12-08 12:00:00,,,0.10000000149011612,0.8999999761581421,,,,,
2022-12-09 00:00:00,0.8383333384990692,0.3733333349227905,0.09583333507180214,0.8549999793370565,,,,,
2022-12-09 12:00:00,,,0.07500000298023224,0.6299999952316284,0.10000000149011612,0.41999998688697815,21.0,,
2022-12-10 00:00:00,,,,0.7933333317438761,0.10000000149011612,,,,0.6000000238418579
2022-12-10 12:00:00,,0.4000000059604645,,,0.10000000149011612,,23.0,5.659999847412109,
2022-12-11 00:00:00,,0.4000000059604645,,,0.10000000149011612,,23.0,5.659999847412109,0.6000000238418579
2022-12-11 12:00:00,,,0.10000000149011612,,,0.46000000834465027,,5.659999847412109,0.6000000238418579
2022-12-12 00:00:00,,,0.10000000149011612,,,,23.333333333333332,,0.5666666875282923
2022-12-12 12:00:00,0.6899999976158142,,,1.1200000047683716,0.10000000149011612,,25.0,,0.4000000059604645
2022-12-13 00:00:00,,0.4166666567325592,,1.0916666686534882,0.09583333507180214,,,,
2022-12-13 12:00:00,1.190000057220459,0.4000000059604645,0.07500000298023224,0.949999988079071,,0.46000000834465027,24.0,,
2022-12-14 00:00:00,1.1266667147477467,0.3766666700442632,,,0.07500000298023224,,,5.574999968210856,
2022-12-14 12:00:00,0.8100000023841858,,0.07500000298023224,0.949999988079071,,,,5.650000095367432,
2022-12-15 00:00:00,0.82000000278155,,0.07916666939854622,,,,,,
2022-12-15 12:00:00,,,,,,,,,0.20000000298023224
2022-12-16 00:00:00,,,,0.9050000210603079,,,,6.1183334191640215,0.20000000298023224
2022-12-16 12:00:00,,,0.10000000149011612,,,,,,
2022-12-17 00:00:00,0.7583333353201548,,,,,,,,0.20000000298023224
2022-12-17 12:00:00,,,0.10000000149011612,,,0.3799999952316284,24.0,,0.20000000298023224
2022-12-18 00:00:00,,,0.10000000149011612,0.9200000166893005,,,24.0,,0.20000000298023224
2022-12-18 12:00:00,,0.25,0.10000000149011612,0.9200000166893005,0.10000000149011612,0.3799999952316284,,6.019999980926514,
2022-12-19 00:00:00,0.825000007947286,,,,,,24.166666666666668,,0.23333333681027094
2022-12-19 12:00:00,0.949999988079071,,0.10000000149011612,,0.10000000149011612,,,6.210000038146973,
2022-12-20 00:00:00,,0.3316666583220164,,1.1949999729792278,,0.4100000063578288,25.333333333333332,6.18666672706604,0.4000000059604645
2022-12-20 12:00:00,,0.38999998569488525,,1.3200000524520874,0.10000000149011612,0.46000000834465027,,6.070000171661377,0.4000000059604645
2022-12-21 00:00:00,0.9683333535989126,0.38499999046325684,0.10000000149011612,1.2700000405311584,,,26.833333333333332,,
2022-12-21 12:00:00,,0.36000001430511475,0.10000000149011612,,0.10000000149011612,0.4099999964237213,,6.090000152587891,0.6000000238418579
2022-12-22 00:00:00,0.9150000214576721,,0.10000000149011612,1.0383333166440327,,0.41333333154519397,,,
2022-12-22 12:00:00,0.9399999976158142,,,,0.10000000149011612,,,,0.6000000238418579
2022-12-23 00:00:00,0.921666661898295,,,1.1049999992052715,,,27.833333333333332,,
2022-12-23 12:00:00,,,,0.9800000190734863,,,,,
2022-12-24 00:00:00,0.8483333190282186,0.32499999304612476,,0.9933333396911621,0.10000000149011612,,,5.949999809265137,
2022-12-24 12:00:00,0.9399999976158142,0.3499999940395355,,1.059999942779541,0.10000000149011612,0.41999998688697815,,,0.20000000298023224
2022-12-25 00:00:00,,0.3499999940395355,0.10000000149011612,,,0.41999998688697815,26.0,5.849999904632568,
2022-12-25 12:00:00,0.9399999976158142,,,1.059999942779541,,,26.0,,
2022-12-26 00:00:00,0.9183333317438761,0.34166666368643445,0.10000000149011612,1.0399999519189198,0.10000000149011612,0.41333332161108655,,,0.2666666731238365
2022-12-26 12:00:00,,0.30000001192092896,0.10000000149011612,,,,24.0,,
2022-12-27 00:00:00,,0.2966666767994563,0.10000000149011612,,,,,,0.6000000238418579
2022-12-27 12:00:00,0.75,0.2800000011920929,,0.8500000238418579,0.10000000149011612,0.33000001311302185,24.0,,
2022-12-28 00:00:00,,0.2916666666666667,0.09166666803260644,0.8783333500226339,0.10000000149011612,0.3450000087420146,,5.788333495457967,0.6333333551883698
2022-12-28 12:00:00,0.8600000143051147,0.3499999940395355,0.05000000074505806,1.0199999809265137,0.10000000149011612,,,,
2022-12-29 00:00:00,0.85166667898496,0.3449999938408534,0.058333334202567734,,,,24.833333333333332,5.786666711171468,0.7666666805744171
2022-12-29 12:00:00,0.8100000023841858,,,,,0.4000000059604645,24.0,6.070000171661377,0.6000000238418579
2022-12-30 00:00:00,,,,0.9366666674613953,0.10000000149011612,0.4066666712363561,24.0,,0.6000000238418579
2022-12-30 12:00:00,,0.36000001430511475,,,,0.4399999976158142,,,
2022-12-31 00:00:00,,,,,0.10000000149011612,,24.166666666666668,,0.6000000238418579
2022-12-31 12:00:00,,,,,0.10000000149011612,,25.0,,
2023-01-01 00:00:00,0.8999999761581421,0.28999999165534973,,0.8100000023841858,0.10000000149011612,0.41999998688697815,25.0,,
2023-01-01 12:00:00,0.8999999761581421,,,,0.10000000149011612,0.41999998688697815,25.0,5.849999904632568,
2023-01-02 00:00:00,0.9483333230018616,,0.11666666840513547,,,0.4166666567325592,25.333333333333332,,
2023-01-02 12:00:00,,,,0.8500000238418579,0.10000000149011612,,27.0,,0.800000011920929
2023-01-03 00:00:00,1.1500000456968944,,,,0.10000000149011612,,,,
2023-01-03 12:00:00,,0.33000001311302185,0.10000000149011612,,0.10000000149011612,,,,
2023-01-04 00:00:00,,0.3250000129143397,,,0.10000000149011612,,,,
2023-01-04 12:00:00,,0.30000001192092896,,0.8999999761581421,,0.3799999952316284,,5.96999979019165,0.6000000238418579
2023-01-05 00:00:00,0.8383333285649618,0.2966666767994563,0.10000000149011612,,,,24.666666666666668,,
2023-01-05 12:00:00,0.9300000071525574,0.2800000011920929,,1.1799999475479126,0.10000000149011612,0.4000000059604645,,,0.4000000059604645
2023-01-06 00:00:00,,,,,,0.40833333631356555,,,0.43333334227403003
2023-01-06 12:00:00,,0.3199999928474426,,,0.10000000149011612,,,,0.6000000238418579
2023-01-07 00:00:00,,0.3166666626930237,0.10000000149011612,,,,,5.954999844233195,0.6000000238418579
2023-01-07 12:00:00,0.8199999928474426,0.30000001192092896,,0.8999999761581421,,,,,
2023-01-08 00:00:00,,0.30000001192092896,,0.8999999761581421,,0.41999998688697815,,,
2023-01-08 12:00:00,0.8199999928474426,,,0.8999999761581421,,,,,0.6000000238418579
2023-01-09 00:00:00,0.8433333237965902,,0.10000000149011612,,0.10000000149011612,0.4249999870856603,,,0.6000000238418579
2023-01-09 12:00:00,0.9599999785423279,0.36000001430511475,0.10000000149011612,,,0.44999998807907104,,,0.6000000238418579
2023-01-10 00:00:00,,,0.10000000149011612,1.1516666909058888,,0.4299999922513962,26.333333333333332,,0.6000000238418579
2023-01-10 12:00:00,1.25,,,,0.10000000149011612,,,5.989999771118164,0.6000000238418579
2023-01-11 00:00:00,,,0.10000000149011612,,0.10000000149011612,,28.5,,
2023-01-11 12:00:00,,,,0.6399999856948853,,,,5.820000171661377,
2023-01-12 00:00:00,,0.27666666110356647,,,,,,5.826666831970215,
2023-01-12 12:00:00,0.75,0.36000001430511475,,0.8600000143051147,,,24.0,5.860000133514404,0.6000000238418579
2023-01-13 00:00:00,,,0.10000000149011612,1.0133333404858906,,,24.666666666666668,5.836666742960612,
2023-01-13 12:00:00,,,0.10000000149011612,,,,,5.71999979019165,
2023-01-14 00:00:00,1.386666625738144,,,,,0.4999999850988388,,,0.800000011920929
2023-01-14 12:00:00,0.5699999928474426,,,,0.10000000149011612,0.4000000059604645,26.0,5.75,
2023-01-15 00:00:00,0.5699999928474426,0.25,0.10000000149011612,0.6899999976158142,0.10000000149011612,0.4000000059604645,26.0,,
2023-01-15 12:00:00,,,0.10000000149011612,,,,26.0,5.75,0.800000011920929
2023-01-16 00:00:00,,,0.10000000149011612,0.7066666682561239,0.09583333507180214,0.4066666712363561,,5.7583333651224775,
2023-01-16 12:00:00,0.6700000166893005,,0.10000000149011612,0.7900000214576721,,0.4399999976158142,25.0,,0.800000011920929
2023-01-17 00:00:00,,,0.10000000149011612,0.8116666873296102,,,,,0.800000011920929
2023-01-17 12:00:00,0.6899999976158142,,0.10000000149011612,,0.10000000149011612,,,,
2023-01-18 00:00:00,0.8150000075499216,0.3583333343267441,,1.0633333424727123,,,27.333333333333332,,
2023-01-18 12:00:00,,,0.05000000074505806,,,,29.0,5.900000095367432,0.800000011920929
2023-01-19 00:00:00,,0.4266666571299235,0.05000000074505806,,,,,5.878333409627278,0.9666666686534882
2023-01-19 12:00:00,,0.3100000023841858,0.05000000074505806,,0.05000000074505806,0.4000000059604645,,5.769999980926514,
2023-01-20 00:00:00,,0.3266666680574417,,1.0383333563804626,0.058333334202567734,0.41166667143503827,28.833333333333332,5.776666641235352,
2023-01-20 12:00:00,,0.4099999964237213,,1.3300000429153442,0.10000000149011612,0.4699999988079071,28.0,5.809999942779541,
2023-01-21 00:00:00,,0.38999999562899273,,1.290000041325887,,0.45499999821186066,,5.789999961853027,
2023-01-21 12:00:00,,0.28999999165534973,0.10000000149011612,,0.10000000149011612,0.3799999952316284,,5.690000057220459,
2023-01-22 00:00:00,0.8100000023841858,0.28999999165534973,,,,0.3799999952316284,,,0.800000011920929
2023-01-22 12:00:00,,0.28999999165534973,,1.090000033378601,,0.3799999952316284,,,
2023-01-23 00:00:00,0.8100000023841858,,,1.090000033378601,,0.3799999952316284,28.0,,
2023-01-23 12:00:00,,0.28999999165534973,,1.090000033378601,0.10000000149011612,0.3799999952316284,,5.690000057220459,0.800000011920929
2023-01-24 00:00:00,,,0.10000000149011612,,,,,5.690000057220459,
2023-01-24 12:00:00,0.8100000023841858,0.28999999165534973,,1.090000033378601,0.10000000149011612,0.3799999952316284,,,
2023-01-25 00:00:00,,,0.10000000149011612,1.1483333706855774,0.10000000149011612,0.3933333307504654,,,0.800000011920929
2023-01-25 12:00:00,1.2699999809265137,0.38999998569488525,,,,,,,0.800000011920929
2023-01-26 00:00:00,,0.39999998609224957,0.09166666803260644,,,,,5.825000127156575,0.800000011920929
2023-01-26 12:00:00,,,,,,,29.0,5.75,0.800000011920929
2023-01-27 00:00:00,,,,,,0.5349999765555064,,5.7833333015441895,0.7666666805744171
2023-01-27 12:00:00,,,,,,,30.0,5.949999809265137,0.6000000238418579
2023-01-28 00:00:00,,,0.10000000149011612,,0.10000000149011612,,,,
2023-01-28 12:00:00,,0.4300000071525574,,,0.10000000149011612,,,,0.800000011920929
2023-01-29 00:00:00,,0.4300000071525574,,,,,28.0,,0.800000011920929
2023-01-29 12:00:00,,,,,0.10000000149011612,,,5.679999828338623,0.800000011920929
2023-01-30 00:00:00,,,,,0.10000000149011612,,27.666666666666668,5.683333158493042,
2023-01-30 12:00:00,,,,0.800000011920929,0.10000000149011612,0.46000000834465027,,,0.800000011920929
2023-01-31 00:00:00,,,0.10000000149011612,,,0.44166667262713116,,,
2023-01-31 12:00:00,0.6000000238418579,,,,,,,,
2023-02-01 00:00:00,0.6050000190734863,,0.10000000149011612,,0.05000000074505806,0.3449999938408534,,,
2023-02-01 12:00:00,,0.25999999046325684,0.10000000149011612,,,,,5.590000152587891,
2023-02-02 00:00:00,,,0.10000000149011612,,,0.3316666583220164,26.833333333333332,5.581666787465413,
2023-02-02 12:00:00,1.090000033378601,0.3499999940395355,0.10000000149011612,,0.05000000074505806,,26.0,5.539999961853027,
2023-02-03 00:00:00,1.0516666968663533,0.36833332975705463,0.10000000149011612,1.2299999793370564,0.05000000074505806,,,,
2023-02-03 12:00:00,0.8600000143051147,0.46000000834465027,0.10000000149011612,0.9800000190734863,0.05000000074505806,,28.0,,0.800000011920929
2023-02-04 00:00:00,0.9466666777928671,0.4583333383003871,,1.0950000087420146,,0.5083333253860474,,,0.800000011920929
2023-02-04 12:00:00,1.3799999952316284,0.44999998807907104,0.10000000149011612,,0.05000000074505806,,27.0,,0.800000011920929
2023-02-05 00:00:00,,,0.10000000149011612,,0.05000000074505806,0.5,,5.519999980926514,0.800000011920929
2023-02-05 12:00:00,1.3799999952316284,0.44999998807907104,,,0.05000000074505806,,,5.519999980926514,0.800000011920929
2023-02-06 00:00:00,1.3799999952316284,0.4466666579246521,0.10000000149011612,,0.05000000074505806,,25.833333333333332,,0.7666666805744171
2023-02-06 12:00:00,,,,,0.05000000074505806,0.47999998927116394,,5.800000190734863,
2023-02-07 00:00:00,1.3483333388964336,,,,0.05000000074505806,,21.333333333333332,,0.6333333551883698
2023-02-07 12:00:00,1.190000057220459,0.46000000834465027,,1.2300000190734863,0.05000000074505806,0.5299999713897705,28.0,,
2023-02-08 00:00:00,1.1050000488758087,,0.10000000149011612,,,,27.833333333333332,5.616666793823242,0.800000011920929
2023-02-08 12:00:00,0.6800000071525574,0.36000001430511475,0.10000000149011612,0.75,,,,5.650000095367432,0.800000011920929
2023-02-09 00:00:00,,,,,,,,5.628333409627278,0.800000011920929
2023-02-09 12:00:00,,,,,,0.46000000834465027,28.0,5.519999980926514,0.800000011920929
2023-02-10 00:00:00,,0.40833333631356555,,0.8300000230471293,,0.4766666740179062,28.166666666666668,5.526666641235352,
2023-02-10 12:00:00,1.090000033378601,0.44999998807907104,,1.3300000429153442,,,29.0,5.559999942779541,0.800000011920929
2023-02-11 00:00:00,,0.45166665812333423,,1.3116667071978252,,,,5.559999942779541,
2023-02-11 12:00:00,,0.46000000834465027,,1.2200000286102295,0.05000000074505806,0.5299999713897705,28.0,,0.800000011920929
2023-02-12 00:00:00,,,0.10000000149011612,,0.05000000074505806,,28.0,,
2023-02-12 12:00:00,,,,,0.05000000074505806,,28.0,,
2023-02-13 00:00:00,1.143333335717519,0.4750000089406967,,,0.05000000074505806,,30.5,5.56333327293396,0.800000011920929
2023-02-13 12:00:00,,,0.10000000149011612,,0.05000000074505806,,,,
2023-02-14 00:00:00,,,,,,,,5.638333241144816,
2023-02-14 12:00:00,,0.3199999928474426,,0.6800000071525574,0.05000000074505806,0.4399999976158142,,,
2023-02-15 00:00:00,,,,0.8066666821638743,0.05000000074505806,,,,
2023-02-15 12:00:00,,0.4000000059604645,0.10000000149011612,,0.05000000074505806,,,,0.6000000238418579
2023-02-16 00:00:00,,,,1.3250000476837158,,,,,
2023-02-16 12:00:00,,0.28999999165534973,0.10000000149011612,0.75,,,25.0,6.119999885559082,
2023-02-17 00:00:00,0.7500000099341074,,,0.7666666706403097,,0.3616666595141093,25.583333333333332,,
2023-02-17 12:00:00,1.149999976158142,,0.10000000149011612,,0.05000000074505806,0.41999998688697815,28.5,6.150000095367432,0.6000000238418579
2023-02-18 00:00:00,1.0666666428248088,,,,,,,6.103333393732707,0.6333333551883698
2023-02-18 12:00:00,,0.3499999940395355,0.10000000149011612,0.8100000023841858,,,,,0.800000011920929
2023-02-19 00:00:00,0.6499999761581421,0.3499999940395355,0.10000000149011612,0.8100000023841858,,0.4000000059604645,27.200000762939453,,
2023-02-19 12:00:00,,0.3499999940395355,0.10000000149011612,,0.05000000074505806,0.4000000059604645,,5.869999885559082,0.800000011920929
2023-02-20 00:00:00,,,0.10000000149011612,0.8950000107288361,0.05000000074505806,,27.316667238871258,,0.8666666845480601
2023-02-20 12:00:00,1.149999976158142,0.28999999165534973,,,,0.4300000071525574,,5.730000019073486,
2023-02-21 00:00:00,,,,,,,27.616666475931805,5.705000003178914,
2023-02-21 12:00:00,,0.3700000047683716,,,0.05000000074505806,,26.200000762939453,5.579999923706055,
2023-02-22 00:00:00,,0.3666666696468989,0.10000000149011612,1.2316667040189107,0.05000000074505806,0.4466666628917058,,,
2023-02-22 12:00:00,,0.3499999940395355,,,0.05000000074505806,,,,
2023-02-23 00:00:00,1.1283333003520966,,0.10000000149011612,,,,,,
2023-02-23 12:00:00,0.9200000166893005,,,,,,,,
2023-02-24 00:00:00,0.9200000166893005,,0.10000000149011612,0.7016666730244955,0.05000000074505806,,,6.15500013033549,0.5333333536982536
2023-02-24 12:00:00,,0.33000001311302185,0.10000000149011612,,,0.3499999940395355,,6.370000123977661,
2023-02-25 00:00:00,0.9016666809717814,,,,,0.34166666368643445,,6.403333425521851,0.23333333681027094
2023-02-25 12:00:00,0.8100000023841858,,,0.949999988079071,,,26.0,6.420000076293945,0.4000000059604645
2023-02-26 00:00:00,,0.25999999046325684,0.10000000149011612,0.949999988079071,,,26.0,6.420000076293945,
2023-02-26 12:00:00,0.8100000023841858,,0.10000000149011612,0.949999988079071,0.05000000074505806,,26.0,6.420000076293945,0.4000000059604645
2023-02-27 00:00:00,,,,,0.05000000074505806,,,,
2023-02-27 12:00:00,,0.3499999940395355,0.10000000149011612,0.9800000190734863,0.05000000074505806,0.4000000059604645,22.600000381469727,6.122499942779541,0.800000011920929
2023-02-28 00:00:00,,0.35499999423821765,,,,,23.000000317891438,6.074999888737996,
2023-02-28 12:00:00,0.9200000166893005,0.3799999952316284,0.10000000149011612,1.0199999809265137,,,25.0,,
2023-03-01 00:00:00,,0.3833333303531011,0.10000000149011612,,,,,6.198333342870076,
2023-03-01 12:00:00,,,0.10000000149011612,1.3200000524520874,0.05000000074505806,,,6.087500095367432,0.20000000298023224
2023-03-02 00:00:00,,0.3933333406845729,0.10000000149011612,,0.05000000074505806,0.46666666368643445,27.86666711171468,,0.20000000298023224
2023-03-02 12:00:00,,0.36000001430511475,0.10000000149011612,0.9800000190734863,,0.44999998807907104,,,
2023-03-03 00:00:00,,0.3566666791836421,0.10000000149011612,0.9316666821638743,,0.44166665772596997,,,0.20000000298023224
2023-03-03 12:00:00,0.75,,,0.6899999976158142,0.05000000074505806,,,,0.20000000298023224
2023-03-04 00:00:00,,,0.10000000149011612,0.7483333249886831,0.05000000074505806,0.4066666712363561,,5.918333212534587,0.2666666731238365
2023-03-04 12:00:00,,0.3700000047683716,0.10000000149011612,,,,25.0,,0.6000000238418579
2023-03-05 00:00:00,0.8100000023841858,0.3700000047683716,,,,,25.0,,
2023-03-05 12:00:00,,,,1.0399999618530273,0.05000000074505806,0.4399999976158142,,5.960000038146973,0.6000000238418579
2023-03-06 00:00:00,0.8333333333333334,0.36166666944821674,0.10000000149011612,1.0633332928021748,,0.4333333323399226,,,0.5333333536982536
2023-03-06 12:00:00,0.949999988079071,,0.10000000149011612,,,0.4000000059604645,,6.297500014305115,0.20000000298023224
2023-03-07 00:00:00,0.9966666599114736,,,,0.05000000074505806,0.4100000063578288,,6.3149999777476,
2023-03-07 12:00:00,,,,,,,,6.03166651725769,
2023-03-08 00:00:00,1.168333351612091,0.4000000059604645,,,,,,5.964999834696452,0.23333333681027094
2023-03-08 12:00:00,0.8600000143051147,,0.10000000149011612,,,,,5.995000004768372,
2023-03-09 00:00:00,,0.3966666708389918,0.10000000149011612,,0.05000000074505806,0.4333333323399226,,,
2023-03-09 12:00:00,1.100000023841858,0.3799999952316284,,1.25,,0.4000000059604645,,5.979999780654907,
2023-03-10 00:00:00,1.0900000135103862,,0.10000000149011612,,0.05000000074505806,,,,
2023-03-10 12:00:00,,0.41999998688697815,0.10000000149011612,1.2000000476837158,0.05000000074505806,,26.0,6.287500023841858,0.2500000037252903
2023-03-11 00:00:00,1.0083333055178325,,,,,,26.333333333333332,6.2833333015441895,
2023-03-11 12:00:00,,,,0.9800000190734863,,0.4000000059604645,28.0,6.449999809265137,
2023-03-12 00:00:00,,0.3799999952316284,,0.9800000190734863,,0.4000000059604645,,6.449999809265137,
2023-03-12 12:00:00,,,0.10000000149011612,0.9800000190734863,0.05000000074505806,,28.0,6.449999809265137,
2023-03-13 00:00:00,1.0116666952768962,,0.10000000149011612,1.1333333452542622,0.05000000074505806,0.43333334227403003,,6.428333202997844,
2023-03-13 12:00:00,,,,,,,,6.380000114440918,
2023-03-14 00:00:00,,,,,,,,6.403333425521851,0.20000000298023224
2023-03-14 12:00:00,,,,,,0.5199999809265137,,6.517500162124634,0.20000000298023224
2023-03-15 00:00:00,,,,,,,,6.4750001430511475,
2023-03-15 12:00:00,,0.44999998807907104,,,0.05000000074505806,,24.600000381469727,,
2023-03-16 00:00:00,,,0.10000000149011612,,0.05000000074505806,0.47499999900658924,25.083333651224773,6.0899999141693115,0.20000000298023224
2023-03-16 12:00:00,0.8100000023841858,,0.10000000149011612,0.8999999761581421,0.05000000074505806,,27.5,,0.20000000298023224
2023-03-17 00:00:00,,,0.10000000149011612,0.8933333158493042,,0.35499999423821765,27.666666666666668,,
2023-03-17 12:00:00,,,,,0.05000000074505806,0.3799999952316284,28.5,,0.20000000298023224
2023-03-18 00:00:00,,,,,,,28.416666666666668,,0.20000000298023224
2023-03-18 12:00:00,1.2000000476837158,,,1.3300000429153442,,,28.0,,
2023-03-19 00:00:00,,0.3799999952316284,,1.3300000429153442,0.05000000074505806,,28.0,,0.20000000298023224
2023-03-19 12:00:00,1.2000000476837158,0.3799999952316284,,,,,28.0,6.03000020980835,
2023-03-20 00:00:00,,0.40333332618077594,0.10000000149011612,1.321666697661082,,,28.0,,0.30000000447034836
2023-03-20 12:00:00,,,,,,,,,
2023-03-21 00:00:00,1.1183333098888397,,0.10000000149011612,1.2616666356722515,0.05000000074505806,,28.0,5.859999815622966,
2023-03-21 12:00:00,,,,1.1699999570846558,0.05000000074505806,,,,
2023-03-22 00:00:00,1.0033333202203114,0.4583333383003871,0.10000000149011612,,0.05000000074505806,0.5166666507720947,,5.755000034968059,
2023-03-22 12:00:00,,,,1.399999976158142,0.05000000074505806,0.5,22.100000381469727,,0.20000000298023224
2023-03-23 00:00:00,,,,1.399999976158142,0.05000000074505806,,22.100000381469727,,
2023-03-23 12:00:00,1.2200000286102295,,,1.399999976158142,0.05000000074505806,0.5,,,0.20000000298023224
2023-03-24 00:00:00,,,,,,,,6.136666774749756,0.20000000298023224
2023-03-24 12:00:00,,0.4000000059604645,,,0.05000000074505806,0.46000000834465027,,,0.20000000298023224
2023-03-25 00:00:00,0.8950000206629435,,0.10000000149011612,1.0416666169961293,,0.45500000814596814,,,0.20000000298023224
2023-03-25 12:00:00,,0.3799999952316284,,0.949999988079071,0.05000000074505806,,,,0.20000000298023224
2023-03-26 00:00:00,,0.3799999952316284,,0.949999988079071,0.05000000074505806,0.4300000071525574,23.0,,0.20000000298023224
2023-03-26 12:00:00,0.8199999928474426,0.3799999952316284,0.10000000149011612,0.949999988079071,0.05000000074505806,,23.0,,
2023-03-27 00:00:00,0.8183333277702332,,,0.9049999912579855,0.05000000074505806,,,6.2483335336049395,0.23333333681027094
2023-03-27 12:00:00,0.8100000023841858,,0.10000000149011612,,,0.4000000059604645,,,
2023-03-28 00:00:00,0.8100000023841858,0.28999999165534973,0.10000000149011612,,0.05000000074505806,,,,0.4000000059604645
2023-03-28 12:00:00,,0.28999999165534973,,0.6800000071525574,0.05000000074505806,,27.0,6.090000152587891,
2023-03-29 00:00:00,,,0.10000000149011612,0.6800000071525574,,0.4000000059604645,,,
2023-03-29 12:00:00,0.8100000023841858,,0.10000000149011612,0.6800000071525574,0.05000000074505806,,27.0,,0.4000000059604645
2023-03-30 00:00:00,0.8100000023841858,0.28999999165534973,,0.6800000071525574,0.05000000074505806,0.4000000059604645,27.0,,0.4000000059604645
2023-03-30 12:00:00,0.8100000023841858,0.28999999165534973,,,,0.4000000059604645,,6.090000152587891,0.4000000059604645
2023-03-31 00:00:00,,0.28999999165534973,,0.6800000071525574,0.05000000074505806,0.4000000059604645,,,0.4000000059604645
2023-03-31 12:00:00,,0.28999999165534973,0.10000000149011612,0.6800000071525574,0.05000000074505806,,,,
2023-04-01 00:00:00,0.8100000023841858,0.28999999165534973,,0.6800000071525574,0.05000000074505806,,27.0,6.090000152587891,0.4000000059604645
2023-04-01 12:00:00,,0.28999999165534973,0.10000000149011612,,,,27.0,,
2023-04-02 00:00:00,0.8100000023841858,,,0.6800000071525574,,,,,0.4000000059604645
2023-04-02 12:00:00,,0.28999999165534973,0.10000000149011612,0.6800000071525574,,0.4000000059604645,27.0,,0.4000000059604645
2023-04-03 00:00:00,0.8100000023841858,0.28999999165534973,0.10000000149011612,,,,27.0,6.090000152587891,0.4000000059604645
2023-04-03 12:00:00,0.8100000023841858,,0.10000000149011612,,0.05000000074505806,,,,0.4000000059604645
2023-04-04 00:00:00,,,,,0.05000000074505806,,,,
2023-04-04 12:00:00,,,0.10000000149011612,,,0.4000000059604645,27.0,,0.4000000059604645
2023-04-05 00:00:00,,,,,0.05000000074505806,0.4000000059604645,,6.090000152587891,
2023-04-05 12:00:00,,,,,0.05000000074505806,0.4000000059604645,,,0.4000000059604645
2023-04-06 00:00:00,,,,0.6800000071525574,,,,,0.4000000059604645
2023-04-06 12:00:00,,,,,,,,,
2023-04-07 00:00:00,,,,,,0.4000000059604645,27.0,5.941666762034099,0.833333338300387
2023-04-07 12:00:00,,,,,,0.4000000059604645,27.0,,
2023-04-08 00:00:00,,,,,0.05000000074505806,0.4000000059604645,,,
2023-04-08 12:00:00,0.9800000190734863,,0.10000000149011612,,,0.4000000059604645,27.0,5.409999847412109,
2023-04-09 00:00:00,,,0.10000000149011612,0.6800000071525574,0.05000000074505806,,27.0,,
2023-04-09 12:00:00,,,,,,,,5.409999847412109,
2023-04-10 00:00:00,,,0.10000000149011612,,0.05000000074505806,,27.0,,
2023-04-10 12:00:00,,,0.10000000149011612,,0.05000000074505806,,,,
2023-04-11 00:00:00,,,,,0.05000000074505806,0.4000000059604645,,5.556666533152263,
2023-04-11 12:00:00,,,0.10000000149011612,0.6800000071525574,0.05000000074505806,,28.0,6.200000047683716,0.5000000074505806
2023-04-12 00:00:00,,,,0.6800000071525574,0.05000000074505806,,,6.12666670481364,
2023-04-12 12:00:00,,,0.10000000149011612,0.6800000071525574,,,,,
2023-04-13 00:00:00,,,0.10000000149011612,0.6800000071525574,0.05000000074505806,0.4000000059604645,,,
2023-04-13 12:00:00,,,0.10000000149011612,0.6800000071525574,,0.4000000059604645,21.200000762939453,,0.4000000059604645
2023-04-14 00:00:00,,,,0.8449999988079071,0.05000000074505806,,,6.324999968210856,
2023-04-14 12:00:00,0.9800000190734863,,,,,,24.0,6.366666793823242,0.6000000238418579
2023-04-15 00:00:00,,,,,,,,,0.6333333551883698
2023-04-15 12:00:00,0.9599999785423279,0.46000000834465027,0.10000000149011612,,,0.5299999713897705,27.0,5.590000152587891,
2023-04-16 00:00:00,1.0199999908606212,0.46666667362054187,,,0.05000000074505806,,26.5,5.665000120798747,0.800000011920929
2023-04-16 12:00:00,,,0.10000000149011612,,0.05000000074505806,,,6.039999961853027,0.800000011920929
2023-04-17 00:00:00,1.3033333818117778,,0.10000000149011612,,0.05000000074505806,,24.266666730244953,6.03166659673055,0.8666666845480601
2023-04-17 12:00:00,1.2200000286102295,,0.10000000149011612,1.5099999904632568,,,25.600000381469727,,0.9000000208616257
2023-04-18 00:00:00,1.193333347638448,,0.10000000149011612,,,,25.46666685740153,5.838333368301392,
2023-04-18 12:00:00,,,,,0.05000000074505806,,24.799999237060547,,0.9000000059604645
2023-04-19 00:00:00,,0.4749999890724818,0.10000000149011612,,,0.5416666766007742,,,
2023-04-19 12:00:00,0.949999988079071,,0.10000000149011612,1.1799999475479126,,,,,0.800000011920929
2023-04-20 00:00:00,,0.4449999878803889,0.10000000149011612,1.1433332860469818,0.05000000074505806,0.49666666487852734,25.333332697550457,5.768333514531453,
2023-04-20 12:00:00,0.8100000023841858,0.41999998688697815,,,0.05000000074505806,0.47999998927116394,,5.835000117619832,
2023-04-21 00:00:00,,,,,,,23.5,5.800000111262004,0.800000011920929
2023-04-21 12:00:00,1.2599999904632568,0.4699999988079071,,1.4199999570846558,0.05000000074505806,0.5,,5.599999904632568,0.800000011920929
2023-04-22 00:00:00,1.2599999904632568,0.4699999988079071,,1.4199999570846558,,0.5,26.0,,
2023-04-22 12:00:00,1.2599999904632568,0.4699999988079071,0.10000000149011612,,0.05000000074505806,0.5,,,
2023-04-23 00:00:00,,,,,0.05000000074505806,0.5,,5.599999904632568,0.800000011920929
2023-04-23 12:00:00,,,,,,,26.0,5.599999904632568,0.800000011920929
2023-04-24 00:00:00,,,,,,,,,
2023-04-24 12:00:00,1.2599999904632568,0.4699999988079071,0.10000000149011612,,0.05000000074505806,,,,
2023-04-25 00:00:00,,,,1.4449999729792278,,,26.166666666666668,,0.8333333432674408
2023-04-25 12:00:00,1.4199999570846558,,0.10000000149011612,,,0.5099999904632568,27.0,5.798333287239075,0.8166666775941849
2023-04-26 00:00:00,1.3249999682108562,,0.10000000149011612,1.4616667131582897,,,26.93333339691162,5.776666641235352,
2023-04-26 12:00:00,,,0.10000000149011612,0.9200000166893005,0.05000000074505806,0.4099999964237213,26.600000381469727,5.726666688919067,
2023-04-27 00:00:00,,0.36666667958100635,0.10000000149011612,0.9666666885217031,0.05000000074505806,0.41499999662240344,26.100000381469727,5.721666653951009,
2023-04-27 12:00:00,1.059999942779541,,,,0.05000000074505806,0.4399999976158142,23.600000381469727,5.81333343187968,0.800000011920929
2023-04-28 00:00:00,1.0766666134198506,0.41166667143503827,,1.2166666984558105,,,,5.90500013033549,0.7666666805744171
2023-04-28 12:00:00,,,,1.2999999523162842,0.05000000074505806,,,5.680000185966492,
2023-04-29 00:00:00,,0.46666666368643445,,,,,31.333333333333332,,0.800000011920929
2023-04-29 12:00:00,,,,1.2200000286102295,,0.5,28.0,5.579999923706055,
2023-04-30 00:00:00,,0.44999998807907104,0.10000000149011612,,,,,,
2023-04-30 12:00:00,1.0700000524520874,,0.10000000149011612,,0.05000000074505806,0.5,28.0,5.579999923706055,0.800000011920929
2023-05-01 00:00:00,1.0950000484784443,,,1.246666689713796,0.05000000074505806,,,5.6166666348775225,0.800000011920929
2023-05-01 12:00:00,1.2200000286102295,,0.10000000149011612,1.3799999952316284,,,27.0,,0.800000011920929
2023-05-02 00:00:00,1.176666686932246,0.4666666587193807,,,0.05000000074505806,0.5216666410366694,,5.785000165303548,
2023-05-02 12:00:00,0.9599999785423279,,0.10000000149011612,,0.05000000074505806,0.47999998927116394,,,0.800000011920929
2023-05-03 00:00:00,0.9933333098888397,,,1.2949999570846558,,,,5.836666822433472,
2023-05-03 12:00:00,1.159999966621399,0.3799999952316284,0.10000000149011612,1.2200000286102295,0.05000000074505806,,,,
2023-05-04 00:00:00,,0.3766666650772095,,1.1516666909058888,0.05000000074505806,0.4233333220084508,25.1833340326945,5.825000127156575,
2023-05-04 12:00:00,,0.36000001430511475,0.10000000149011612,0.8100000023841858,0.05000000074505806,0.4399999976158142,,5.75,
2023-05-05 00:00:00,0.9416666428248087,,0.10000000149011612,,0.05000000074505806,,,5.726666688919067,0.6333333551883698
2023-05-05 12:00:00,1.149999976158142,,,,,,,,
2023-05-06 00:00:00,,0.4000000059604645,0.10000000149011612,,,0.47999998927116394,26.0,5.610000133514404,0.800000011920929
2023-05-06 12:00:00,,0.4000000059604645,,1.3600000143051147,0.05000000074505806,,26.0,5.610000133514404,0.800000011920929
2023-05-07 00:00:00,1.0966666440169017,0.39500000576178235,,1.3166666825612385,,0.4749999890724818,25.93333339691162,5.631666739781697,
2023-05-07 12:00:00,0.8299999833106995,0.3700000047683716,,,,,,,
2023-05-08 00:00:00,0.9449999829133352,,,1.2200000286102295,,0.47999998927116394,,5.711666504542033,0.6333333551883698
2023-05-08 12:00:00,,,0.10000000149011612,,0.05000000074505806,,30.0,,0.800000011920929
2023-05-09 00:00:00,,,0.10000000149011612,,0.05000000074505806,,30.0,5.480000178019206,
2023-05-09 12:00:00,,,,,0.05000000074505806,,,5.555000066757202,
2023-05-10 00:00:00,,,0.10000000149011612,,,,,,
2023-05-10 12:00:00,,0.46000000834465027,0.10000000149011612,,,0.5199999809265137,28.0,5.9983335336049395,0.43333334227403003
2023-05-11 00:00:00,,0.45000000794728595,0.10000000149011612,1.39000004529953,0.05000000074505806,,27.833333333333332,,0.36666667213042575
2023-05-11 12:00:00,1.2000000476837158,0.4000000059604645,,,0.05000000074505806,0.4699999988079071,27.0,,0.20000000298023224
2023-05-12 00:00:00,,,,1.1266666452089946,0.05000000074505806,,,,0.20000000298023224
2023-05-12 12:00:00,,,,,0.05000000074505806,,,,
2023-05-13 00:00:00,,,0.10000000149011612,1.059999942779541,,,27.5,,
2023-05-13 12:00:00,0.8100000023841858,0.2800000011920929,0.10000000149011612,1.059999942779541,0.05000000074505806,,27.5,,
2023-05-14 00:00:00,,,0.10000000149011612,,0.05000000074505806,,,6.224999825159709,
2023-05-14 12:00:00,1.1399999856948853,,0.10000000149011612,,,,,,
2023-05-15 00:00:00,1.1133333245913188,0.35833332935969037,,,0.05000000074505806,,26.333333333333332,6.130000114440918,
2023-05-15 12:00:00,0.9800000190734863,0.4000000059604645,0.10000000149011612,1.100000023841858,0.05000000074505806,0.5099999904632568,28.0,,0.20000000298023224
2023-05-16 00:00:00,,,0.10000000149011612,,0.05000000074505806,,26.700000127156574,6.041666587193807,0.30000000447034836
2023-05-16 12:00:00,,,,1.1200000047683716,0.05000000074505806,,,5.8999998569488525,
2023-05-17 00:00:00,,0.3750000049670537,0.10000000149011612,,0.05000000074505806,,20.666667302449543,,
2023-05-17 12:00:00,,0.4000000059604645,,1.2200000286102295,0.05000000074505806,0.4399999976158142,,5.900000095367432,0.800000011920929
2023-05-18 00:00:00,,,0.10000000149011612,,0.05000000074505806,,26.5,,
2023-05-18 12:00:00,,,0.10000000149011612,,,,,5.913333177566528,
2023-05-19 00:00:00,,,0.10000000149011612,,,,,,
2023-05-19 12:00:00,1.2599999904632568,,,,,,29.0,5.854999899864197,0.800000011920929
2023-05-20 00:00:00,1.1799999872843425,,0.10000000149011612,1.3333333830038707,,,28.916666666666668,,0.800000011920929
2023-05-20 12:00:00,,0.36000001430511475,,0.800000011920929,,0.4000000059604645,28.5,,0.800000011920929
2023-05-21 00:00:00,0.7799999713897705,0.36000001430511475,0.10000000149011612,,,,28.5,,
2023-05-21 12:00:00,0.7799999713897705,,0.10000000149011612,0.800000011920929,,,28.5,5.710000038146973,
2023-05-22 00:00:00,,0.34166667858759564,,,0.05000000074505806,,27.950000127156574,,0.7666666805744171
2023-05-22 12:00:00,,,0.10000000149011612,,,,25.200000762939453,,0.6000000238418579
2023-05-23 00:00:00,0.6783333321412405,0.25833333532015484,,,,,,,
2023-05-23 12:00:00,,,0.10000000149011612,,,0.3499999940395355,,,0.800000011920929
2023-05-24 00:00:00,0.7133333285649618,0.3133333424727122,0.10000000149011612,,,,,,
2023-05-24 12:00:00,,,,0.9200000166893005,0.05000000074505806,0.4300000071525574,,,
2023-05-25 00:00:00,1.1549999515215557,0.3833333303531011,0.10000000149011612,0.9700000186761221,0.05000000074505806,0.436666672428449,,,0.20000000298023224
2023-05-25 12:00:00,1.0299999713897705,0.4000000059604645,0.10000000149011612,,,,,6.2166666984558105,0.20000000298023224
2023-05-26 00:00:00,,0.3966666708389918,0.10000000149011612,1.1916666825612385,,,,,0.6333333278695742
2023-05-26 12:00:00,,,0.10000000149011612,,,0.4000000059604645,,,
2023-05-27 00:00:00,,,,1.0249999562899272,0.05000000074505806,0.4033333361148834,26.89999993642171,6.1149998505910235,0.7666666805744171
2023-05-27 12:00:00,,,,0.8999999761581421,,,,5.789999961853027,
2023-05-28 00:00:00,,0.36000001430511475,,,0.05000000074505806,0.41999998688697815,26.399999618530273,,
2023-05-28 12:00:00,,0.36000001430511475,0.10000000149011612,,0.05000000074505806,,26.399999618530273,,0.6000000238418579
2023-05-29 00:00:00,,,0.10000000149011612,0.9133333166440328,0.05000000074505806,0.42999998728434247,,,
2023-05-29 12:00:00,,0.41999998688697815,,,0.05000000074505806,0.47999998927116394,,6.294999996821086,0.4000000059604645
2023-05-30 00:00:00,,,,,0.05000000074505806,,,,
2023-05-30 12:00:00,0.8100000023841858,0.27000001072883606,,,0.05000000074505806,0.46000000834465027,,6.227499842643738,0.4000000059604645
2023-05-31 00:00:00,,,,,,0.4533333381017049,,6.208333174387614,0.36666667213042575
2023-05-31 12:00:00,,0.36000001430511475,,1.149999976158142,,,,,0.36666667213042575
2023-06-01 00:00:00,,,,,,0.4266666571299235,,,0.7999999970197678
2023-06-01 12:00:00,,,,0.9599999785423279,0.05000000074505806,0.46000000834465027,24.633333206176758,5.683333237965901,0.7999999970197678
2023-06-02 00:00:00,0.97666663924853,0.38166667024294537,,,0.05000000074505806,0.436666672428449,,,
2023-06-02 12:00:00,,0.28999999165534973,0.10000000149011612,,,,,6.191666682561238,0.6333333551883698
2023-06-03 00:00:00,0.7166666487852732,,,,0.05000000074505806,,23.666667302449543,,
2023-06-03 12:00:00,,0.30000001192092896,,,,0.3499999940395355,,6.260000228881836,0.6000000238418579
2023-06-04 00:00:00,,,0.10000000149011612,,,,,,0.6000000238418579
2023-06-04 12:00:00,,,0.10000000149011612,,0.05000000074505806,,23.5,,0.6000000238418579
2023-06-05 00:00:00,,0.2966666767994563,,,0.05000000074505806,,24.083333333333332,,
2023-06-05 12:00:00,0.8199999928474426,,,,,,27.0,6.320000171661377,0.4000000059604645
2023-06-06 00:00:00,,0.3000000019868215,,,,0.37666667997837067,27.0,6.103333473205566,0.7666666557391485
2023-06-06 12:00:00,1.2599999904632568,,,1.3799999952316284,0.05000000074505806,,,,
2023-06-07 00:00:00,1.1849999924500783,0.38333334028720856,,1.3333333333333333,0.05000000074505806,,,6.095000108083089,
2023-06-07 12:00:00,,,0.10000000149011612,1.100000023841858,0.05000000074505806,,,,0.4000000059604645
2023-06-08 00:00:00,,0.3050000121196111,,1.0500000218550365,0.05000000074505806,0.4166666567325592,22.916666666666668,,0.36666667213042575
2023-06-08 12:00:00,0.7400000095367432,0.33000001311302185,,0.800000011920929,,0.4000000059604645,,,
2023-06-09 00:00:00,,,0.10000000149011612,,0.05000000074505806,,27.666666666666668,6.103333234786987,0.4000000059604645
2023-06-09 12:00:00,1.1799999475479126,,,0.9800000190734863,,,,6.069999933242798,
2023-06-10 00:00:00,,,0.10000000149011612,,0.05000000074505806,,,6.03166659673055,
2023-06-10 12:00:00,,0.2800000011920929,,0.9200000166893005,,,27.0,,0.6000000238418579
2023-06-11 00:00:00,0.8100000023841858,,,,0.05000000074505806,,,5.889999866485596,0.6000000238418579
2023-06-11 12:00:00,,0.2800000011920929,0.10000000149011612,,0.05000000074505806,,,,
2023-06-12 00:00:00,0.7716666658719381,0.27500000099341076,,0.8666666845480601,,,,5.928333202997844,0.5333333536982536
2023-06-12 12:00:00,0.5799999833106995,0.25,0.10000000149011612,,,,,6.1783333619435625,0.20000000298023224
2023-06-13 00:00:00,0.6183333198229471,,,0.6550000210603079,,,21.333333015441895,,0.20000000298023224
2023-06-13 12:00:00,0.8100000023841858,0.3100000023841858,,,,0.4000000059604645,,,
2023-06-14 00:00:00,0.7883333365122477,,,0.8916666706403097,0.05000000074505806,0.38333334028720856,,6.071666717529297,0.30000000447034836
2023-06-14 12:00:00,,0.25,0.10000000149011612,,0.05000000074505806,,,,0.800000011920929
2023-06-15 00:00:00,0.7200000087420145,0.2666666656732559,0.10000000149011612,0.7583333154519399,0.05000000074505806,,26.600000381469727,,0.8666666845480601
2023-06-15 12:00:00,,0.3499999940395355,0.10000000149011612,,0.05000000074505806,0.4000000059604645,26.93333339691162,6.039999802907308,
2023-06-16 00:00:00,,0.3533333291610082,,1.0349999566872914,0.05000000074505806,,,,0.23333333681027094
2023-06-16 12:00:00,0.8100000023841858,,,0.9599999785423279,,0.44999998807907104,,5.826666831970215,0.4000000059604645
2023-06-17 00:00:00,,0.3666666696468989,0.10000000149011612,0.9633333186308543,0.05000000074505806,,,5.830000162124634,
2023-06-17 12:00:00,1.159999966621399,0.3499999940395355,,,0.05000000074505806,0.4000000059604645,,,0.4000000059604645
2023-06-18 00:00:00,1.159999966621399,,,,0.05000000074505806,,,5.880000114440918,0.4000000059604645
2023-06-18 12:00:00,1.159999966621399,,0.10000000149011612,,0.05000000074505806,0.4000000059604645,28.0,5.880000114440918,
2023-06-19 00:00:00,,0.36666665971279144,0.10000000149011612,,0.05000000074505806,0.38333334028720856,28.0,,0.7999999970197678
2023-06-19 12:00:00,,,0.10000000149011612,,0.05000000074505806,,27.583333333333332,5.928333202997844,
2023-06-20 00:00:00,,,0.10000000149011612,0.871666689713796,0.05000000074505806,,27.583333333333332,,
2023-06-20 12:00:00,0.7200000286102295,,,,,,,5.785000165303548,0.6000000238418579
2023-06-21 00:00:00,,0.3000000019868215,,0.7466666797796885,0.05000000074505806,0.3449999938408534,,,0.5666666875282923
2023-06-21 12:00:00,,,0.10000000149011612,1.0800000429153442,,,,6.113333225250244,0.4000000059604645
2023-06-22 00:00:00,1.1916666428248088,,0.10000000149011612,1.010000040133794,0.05000000074505806,,,,0.4000000059604645
2023-06-22 12:00:00,,0.2800000011920929,0.10000000149011612,0.6600000262260437,0.05000000074505806,0.3499999940395355,29.0,,0.4000000059604645
2023-06-23 00:00:00,,0.28333333631356555,0.10000000149011612,0.6750000218550364,,0.34833332896232605,,6.113333384195964,0.4000000059604645
2023-06-23 12:00:00,0.8100000023841858,0.30000001192092896,,,0.05000000074505806,,,6.080000082651774,
2023-06-24 00:00:00,0.8666666646798452,0.3200000077486038,0.10000000149011612,0.8366666634877523,0.05000000074505806,,,,0.46666667362054187
2023-06-24 12:00:00,,0.41999998688697815,0.10000000149011612,,,,,5.829999923706055,0.800000011920929
2023-06-25 00:00:00,,0.41999998688697815,0.10000000149011612,,0.05000000074505806,0.47999998927116394,28.0,,0.800000011920929
2023-06-25 12:00:00,1.149999976158142,0.41999998688697815,0.10000000149011612,,,0.47999998927116394,28.0,5.829999923706055,
2023-06-26 00:00:00,1.1216666499773662,0.41999998688697815,0.10000000149011612,1.1933333178361256,,0.4749999890724818,29.0,5.7833333015441895,1.0000000099341075
2023-06-26 12:00:00,,0.41999998688697815,,0.8100000023841858,0.05000000074505806,0.44999998807907104,,,
2023-06-27 00:00:00,0.97666667898496,0.4349999874830246,0.10000000149011612,0.8649999996026357,0.05000000074505806,0.46833332379659015,,,
2023-06-27 12:00:00,0.9599999785423279,,0.10000000149011612,,0.05000000074505806,,,,
2023-06-28 00:00:00,1.0083333154519398,,0.10000000149011612,1.1399999856948853,0.05000000074505806,,,5.628333489100139,
2023-06-28 12:00:00,1.25,,,1.1399999856948853,0.05000000074505806,,,,0.5666666875282923
2023-06-29 00:00:00,1.25,,0.10000000149011612,1.1399999856948853,0.05000000074505806,,,5.889999866485596,0.6000000238418579
2023-06-29 12:00:00,,,,1.1399999856948853,0.05000000074505806,,,5.889999866485596,0.6000000238418579
2023-06-30 00:00:00,1.2416666746139526,,0.10000000149011612,1.1866666475931804,,,26.06666660308838,5.923333247502645,
2023-06-30 12:00:00,,0.44999998807907104,,,0.05000000074505806,0.5,26.399999618530273,,
2023-07-01 00:00:00,1.2000000476837158,0.44999998807907104,0.10000000149011612,1.4199999570846558,,0.5,,,0.4000000059604645
2023-07-01 12:00:00,1.2000000476837158,0.44999998807907104,,1.4199999570846558,0.05000000074505806,0.5,,,0.4000000059604645
2023-07-02 00:00:00,,0.44999998807907104,,,,0.5,,6.03000020980835,0.4000000059604645
2023-07-02 12:00:00,,0.44999998807907104,,1.4199999570846558,,,26.399999618530273,,
2023-07-03 00:00:00,1.135000040133794,0.4333333224058151,,,0.058333334202567734,0.4899999996026357,26.266666412353516,,
2023-07-03 12:00:00,,,0.05000000074505806,,,,,,0.4000000059604645
2023-07-04 00:00:00,,,0.05000000074505806,0.8166666626930237,,,25.916666984558105,,
2023-07-04 12:00:00,,,,,,,27.5,5.8050001462300616,
2023-07-05 00:00:00,1.2083333532015483,,0.058333334202567734,1.17166664203008,,,27.75,5.856666803359985,
2023-07-05 12:00:00,,,0.10000000149011612,,0.05000000074505806,,,,
2023-07-06 00:00:00,1.1383333206176758,,0.09166666803260644,,0.058333334202567734,,,,0.2666666731238365
2023-07-06 12:00:00,1.0800000429153442,0.44999998807907104,,0.9599999785423279,,0.5,27.299999237060547,5.8716667493184405,
2023-07-07 00:00:00,1.0350000361601512,0.43833332260449726,,,,,27.016666094462078,,
2023-07-07 12:00:00,,0.3799999952316284,,0.8999999761581421,0.10000000149011612,0.4000000059604645,,5.8183333079020185,0.5666666875282923
2023-07-08 00:00:00,,0.3833333303531011,0.05000000074505806,,,0.41333333651224774,,,
2023-07-08 12:00:00,1.309999942779541,,0.05000000074505806,,,0.47999998927116394,28.5,,0.4000000059604645
2023-07-09 00:00:00,,,,,0.10000000149011612,,28.5,5.949999809265137,
2023-07-09 12:00:00,,0.4000000059604645,0.05000000074505806,1.1799999475479126,,0.47999998927116394,,,
2023-07-10 00:00:00,,0.3933333406845729,0.05000000074505806,,,0.4749999890724818,28.5,,
2023-07-10 12:00:00,1.0800000429153442,0.36000001430511475,0.05000000074505806,0.9800000190734863,0.05000000074505806,0.44999998807907104,28.083333333333332,,
2023-07-11 00:00:00,1.1066667040189107,,,1.0083333452542622,,0.44999998807907104,27.75,,
2023-07-11 12:00:00,,0.4000000059604645,,,,,26.5,5.606666564941406,0.800000011920929
2023-07-12 00:00:00,,,0.04583333401630322,,,0.4349999924500783,,,0.7000000104308128
2023-07-12 12:00:00,,,,0.75,,,,6.113333225250244,
2023-07-13 00:00:00,,0.2966666767994563,,0.774999996026357,0.07083333594103654,0.35833334426085156,26.333333333333332,,0.43333334227403003
2023-07-13 12:00:00,,0.2800000011920929,,0.8999999761581421,,0.3499999940395355,,5.816666603088379,0.6000000238418579
2023-07-14 00:00:00,1.0416667064030964,,,0.9099999765555064,,0.35499999423821765,27.833333333333332,5.824999968210856,
2023-07-14 12:00:00,0.8500000238418579,,,0.9599999785423279,0.05000000074505806,0.3799999952316284,27.0,5.883333444595337,
2023-07-15 00:00:00,0.8433333535989126,0.30833334227403003,,0.9249999821186066,,,,5.920000076293945,
2023-07-15 12:00:00,0.8100000023841858,0.3499999940395355,,0.75,0.10000000149011612,0.41999998688697815,29.0,6.119999885559082,
2023-07-16 00:00:00,,,,0.75,0.10000000149011612,,,6.119999885559082,0.20000000298023224
2023-07-16 12:00:00,0.8100000023841858,,,0.75,0.10000000149011612,,29.0,,
2023-07-17 00:00:00,0.7883333365122477,,,0.7600000003973643,0.09166666803260644,,27.833333333333332,,
2023-07-17 12:00:00,,0.30000001192092896,,0.8100000023841858,,0.44999998807907104,,6.188333193461101,0.20000000298023224
2023-07-18 00:00:00,,0.3166666775941849,,0.8883333305517832,,0.4549999882777532,,,0.5000000024835268
2023-07-18 12:00:00,1.100000023841858,0.4000000059604645,,,0.05000000074505806,0.47999998927116394,,,
2023-07-19 00:00:00,1.1200000246365864,,,1.2499999801317851,,0.4749999890724818,,6.211666663487752,
2023-07-19 12:00:00,1.2200000286102295,0.3799999952316284,,,,,,6.119999885559082,0.6000000238418579
2023-07-20 00:00:00,1.1666666865348816,0.3799999952316284,,1.100000023841858,,,27.0,,1.0000000198682149
2023-07-20 12:00:00,0.8999999761581421,,,1.100000023841858,,,,,
2023-07-21 00:00:00,,0.38666666050752,,,0.058333334202567734,,,,
2023-07-21 12:00:00,0.9599999785423279,,,1.2200000286102295,,0.44999998807907104,,5.479999939600627,
2023-07-22 00:00:00,,,,,0.09583333507180214,0.4449999878803889,,,
2023-07-22 12:00:00,,,,1.100000023841858,0.07500000298023224,,,,0.20000000298023224
2023-07-23 00:00:00,0.8100000023841858,,,,,,28.0,6.110000133514404,0.20000000298023224
2023-07-23 12:00:00,0.8100000023841858,,,,,,28.0,6.110000133514404,0.20000000298023224
2023-07-24 00:00:00,0.7750000059604645,0.2966666767994563,,,,0.40333332121372223,,,
2023-07-24 12:00:00,,,0.05000000074505806,0.7099999785423279,0.10000000149011612,,,,
2023-07-25 00:00:00,0.6800000270207723,,0.058333334202567734,0.754999985297521,0.10000000149011612,,27.616666475931805,,0.5666666676600774
2023-07-25 12:00:00,,,,,,,28.700000762939453,5.84166677792867,
2023-07-26 00:00:00,,0.36666667958100635,,,0.10000000149011612,0.4266666571299235,,5.74833345413208,
2023-07-26 12:00:00,1.25,,,,0.10000000149011612,,28.116666793823242,,
2023-07-27 00:00:00,,0.3966666708389918,0.058333334202567734,1.1433332860469818,0.10000000149011612,,,,
2023-07-27 12:00:00,1.2799999713897705,,0.10000000149011612,0.9599999785423279,,,,,
2023-07-28 00:00:00,1.201666643222173,0.36666666467984516,,,0.10000000149011612,0.4349999924500783,27.333332697550457,,
2023-07-28 12:00:00,0.8100000023841858,0.30000001192092896,0.10000000149011612,,0.10000000149011612,0.36000001430511475,25.0,,
2023-07-29 00:00:00,,0.31000001231829327,0.09166666803260644,,,,,6.366666555404663,
2023-07-29 12:00:00,0.8999999761581421,,0.05000000074505806,,0.10000000149011612,0.44999998807907104,,6.449999809265137,
2023-07-30 00:00:00,0.8999999761581421,,,,,,28.0,,0.20000000298023224
2023-07-30 12:00:00,0.8999999761581421,0.36000001430511475,,0.8199999928474426,0.10000000149011612,,,,0.20000000298023224
2023-07-31 00:00:00,,0.36000001430511475,0.05000000074505806,0.8933333257834116,,0.4549999882777532,,6.303333441416423,0.20000000298023224
2023-07-31 12:00:00,,,,1.2599999904632568,0.10000000149011612,,30.0,6.329999923706055,0.20000000298023224
2023-08-01 00:00:00,1.1966666181882222,,,1.2900000015894573,,0.4833333243926366,,,0.20000000298023224
2023-08-01 12:00:00,1.2799999713897705,,,,0.10000000149011612,,,6.385000069936116,0.20000000298023224
2023-08-02 00:00:00,,,0.04583333401630322,1.4266667167345684,,0.5083333353201548,29.0,,
2023-08-02 12:00:00,,,,1.3600000143051147,,,,6.001666863759358,
2023-08-03 00:00:00,,,,1.3266666730244954,,0.5383333414793015,,5.993333498636882,0.36666667213042575
2023-08-03 12:00:00,,0.4000000059604645,,,,,,5.955833355585734,0.20000000298023224
2023-08-04 00:00:00,0.9666666785875956,0.3966666708389918,,,0.10000000149011612,0.4749999890724818,,5.93666672706604,0.2666666731238365
2023-08-04 12:00:00,,,,,0.10000000149011612,,27.799999237060547,,
2023-08-05 00:00:00,0.8849999805291494,0.3633333295583725,,0.9499999781449636,0.10000000149011612,,,,0.43333334227403003
2023-08-05 12:00:00,0.8100000023841858,,,,0.10000000149011612,,28.0,5.900000095367432,0.6000000238418579
2023-08-06 00:00:00,,,,,0.10000000149011612,,,5.900000095367432,
2023-08-06 12:00:00,0.8100000023841858,,,,,,,5.900000095367432,
2023-08-07 00:00:00,0.8716666599114736,0.3000000019868215,,0.8849999805291494,,,,,0.5666666875282923
2023-08-07 12:00:00,,,0.10000000149011612,,,0.41999998688697815,28.0,,
2023-08-08 00:00:00,,0.3933333406845729,,0.8249999980131785,,,28.03333346048991,,
2023-08-08 12:00:00,1.25,0.36000001430511475,,0.8999999761581421,,0.44999998807907104,,,0.36666667213042575
2023-08-09 00:00:00,,,,0.9133333166440328,0.10000000149011612,0.45166665812333423,,,
2023-08-09 12:00:00,1.149999976158142,,,0.9800000190734863,0.10000000149011612,,,,0.46666667362054187
2023-08-10 00:00:00,,,,,,,26.083333333333332,,0.36666667213042575
2023-08-10 12:00:00,0.8999999761581421,,,0.8100000023841858,,,,,
2023-08-11 00:00:00,,,,,,0.39666666090488434,26.68333339691162,6.073333263397217,
2023-08-11 12:00:00,,,,,,,,,0.23333333681027094
2023-08-12 00:00:00,,,0.05000000074505806,1.0266667107741039,0.058333334202567734,0.4666666587193807,27.333333651224773,,
2023-08-12 12:00:00,,0.36000001430511475,0.05000000074505806,,,0.4000000059604645,,5.940000057220459,0.4000000059604645
2023-08-13 00:00:00,0.75,0.36000001430511475,0.05000000074505806,,0.10000000149011612,,26.0,,0.4000000059604645
2023-08-13 12:00:00,,0.36000001430511475,0.05000000074505806,,0.10000000149011612,,,5.940000057220459,
2023-08-14 00:00:00,,0.36666667958100635,0.05000000074505806,0.8716666599114736,0.09166666803260644,0.4100000063578288,,5.995000044504802,0.36666667213042575
2023-08-14 12:00:00,1.2200000286102295,,,,0.05000000074505806,0.46000000834465027,,6.253333330154419,
2023-08-15 00:00:00,1.2566667000452678,,0.05000000074505806,,0.05000000074505806,0.48333334426085156,26.666666666666668,,
2023-08-15 12:00:00,,,,,0.05000000074505806,,25.0,,0.20000000298023224
2023-08-16 00:00:00,1.4033333857854207,,0.058333334202567734,1.2299999793370564,0.058333334202567734,,,6.2166666984558105,0.20000000298023224
2023-08-16 12:00:00,,,,,0.10000000149011612,0.5,,,
2023-08-17 00:00:00,1.2666666905085247,0.43833331763744354,0.09166666803260644,,0.10000000149011612,,27.0,6.2166664600372314,0.23333333681027094
2023-08-17 12:00:00,,,,1.3600000143051147,,,,6.183333158493042,0.23333333681027094
2023-08-18 00:00:00,,,,,0.09166666803260644,,,6.198333183924357,
2023-08-18 12:00:00,1.2100000381469727,0.4000000059604645,,1.440000057220459,0.05000000074505806,0.46000000834465027,,6.231666485468547,0.23333333681027094
2023-08-19 00:00:00,,0.4033333361148834,,1.4033333857854207,,0.4633333384990692,,,
2023-08-19 12:00:00,,,0.05000000074505806,,0.10000000149011612,0.47999998927116394,24.799999237060547,6.170000076293945,0.20000000298023224
2023-08-20 00:00:00,1.0800000429153442,,0.05000000074505806,,,0.47999998927116394,,6.170000076293945,0.20000000298023224
2023-08-20 12:00:00,1.0800000429153442,0.41999998688697815,,1.2200000286102295,0.10000000149011612,,,,
2023-08-21 00:00:00,,,,,,0.49166665971279144,25.49999936421712,6.15500005086263,
2023-08-21 12:00:00,,0.4000000059604645,,1.5,0.10000000149011612,,,6.0299999713897705,0.8666666845480601
2023-08-22 00:00:00,,0.3933333406845729,0.05000000074505806,,0.10000000149011612,0.5383333414793015,28.60000006357829,6.081666628519694,
2023-08-22 12:00:00,0.9800000190734863,0.36000001430511475,0.05000000074505806,1.1799999475479126,0.10000000149011612,,,,
2023-08-23 00:00:00,,,,,,0.4749999890724818,26.750000317891438,,0.20000000298023224
2023-08-23 12:00:00,0.8100000023841858,0.3799999952316284,,,0.10000000149011612,,27.5,,0.20000000298023224
2023-08-24 00:00:00,,0.3766666650772095,0.09166666803260644,1.2200000286102295,0.10000000149011612,0.44999998807907104,,,
2023-08-24 12:00:00,,0.36000001430511475,,1.2200000286102295,,,23.399999618530273,6.324999968210856,
2023-08-25 00:00:00,,,0.058333334202567734,1.200000027815501,0.10000000149011612,0.4549999882777532,23.999999682108562,,
2023-08-25 12:00:00,0.9800000190734863,,0.10000000149011612,1.100000023841858,,,,,0.20000000298023224
2023-08-26 00:00:00,0.9516666829586029,0.39166667064030963,,1.0800000230471294,0.10000000149011612,,,,0.20000000298023224
2023-08-26 12:00:00,0.8100000023841858,0.3499999940395355,,,,0.5,,,
2023-08-27 00:00:00,0.8100000023841858,0.3499999940395355,,0.9800000190734863,0.10000000149011612,0.5,,6.349999904632568,0.20000000298023224
2023-08-27 12:00:00,0.8100000023841858,0.3499999940395355,0.05000000074505806,0.9800000190734863,0.10000000149011612,,26.0,,
2023-08-28 00:00:00,,0.3499999940395355,0.05000000074505806,0.9800000190734863,0.10000000149011612,0.5,26.0,6.349999904632568,
2023-08-28 12:00:00,0.8100000023841858,,0.05000000074505806,,,0.5,,,
2023-08-29 00:00:00,,,,,0.10000000149011612,,26.35000006357829,6.323333263397217,
2023-08-29 12:00:00,,,,,0.10000000149011612,0.46000000834465027,28.100000381469727,6.190000057220459,0.20000000298023224
2023-08-30 00:00:00,,,0.05000000074505806,1.2299999992052715,,,,,
2023-08-30 12:00:00,,,0.05000000074505806,,0.10000000149011612,,,6.246666510899861,0.20000000298023224
2023-08-31 00:00:00,,,,,,,26.350000699361164,6.241666475931804,0.20000000298023224
2023-08-31 12:00:00,0.8100000023841858,0.3799999952316284,,,,,,6.25,0.20000000298023224
2023-09-01 00:00:00,,,0.05000000074505806,,,,,,0.23333333681027094
2023-09-01 12:00:00,,,0.05000000074505806,0.8999999761581421,,0.36000001430511475,28.200000762939453,6.2583333651224775,0.4000000059604645
2023-09-02 00:00:00,,,0.05000000074505806,,,,28.00000063578288,,0.4000000059604645
2023-09-02 12:00:00,1.100000023841858,0.3199999928474426,0.05000000074505806,,,0.4000000059604645,27.0,,0.4000000059604645
2023-09-03 00:00:00,1.100000023841858,0.3199999928474426,,,,,27.0,6.28000020980835,
2023-09-03 12:00:00,,,0.05000000074505806,,,0.4000000059604645,,,
2023-09-04 00:00:00,1.100000023841858,,,0.8999999761581421,,,,,
2023-09-04 12:00:00,,,0.05000000074505806,0.8999999761581421,0.10000000149011612,,27.0,,0.4000000059604645
2023-09-05 00:00:00,1.051666686932246,0.3333333283662796,,0.9466666380564371,,,,,
2023-09-05 12:00:00,,0.4000000059604645,0.10000000149011612,1.1799999475479126,0.10000000149011612,,,,0.20000000298023224
2023-09-06 00:00:00,,,0.09166666803260644,,0.10000000149011612,0.4583333383003871,,,
2023-09-06 12:00:00,,,,,0.10000000149011612,0.44999998807907104,,6.421666542689006,0.20000000298023224
2023-09-07 00:00:00,,0.35833334426085156,,,0.10000000149011612,,,,
2023-09-07 12:00:00,0.8999999761581421,,,0.75,,,,6.275000174840291,
2023-09-08 00:00:00,,,0.09166666803260644,0.7600000003973643,,,,6.313333511352539,0.36666667213042575
2023-09-08 12:00:00,,0.30000001192092896,,,,0.3499999940395355,,6.430000066757202,
2023-09-09 00:00:00,0.7583333353201548,0.3033333420753479,,0.8000000019868215,,,22.266666094462078,6.418333371480306,
2023-09-09 12:00:00,0.800000011920929,0.3199999928474426,,,,0.4000000059604645,27.100000381469727,,
2023-09-10 00:00:00,0.800000011920929,0.3199999928474426,,0.75,0.10000000149011612,,,,
2023-09-10 12:00:00,,,,0.75,,0.4000000059604645,,6.409999847412109,
2023-09-11 00:00:00,,,0.05000000074505806,,,,27.283333778381348,6.379999876022339,0.23333333681027094
2023-09-11 12:00:00,1.2200000286102295,0.4000000059604645,,,0.10000000149011612,,,6.271666844685872,0.4000000059604645
2023-09-12 00:00:00,1.3100000222524006,0.46833333869775134,0.05000000074505806,1.0216666460037231,,0.5433333367109299,,6.2900002002716064,
2023-09-12 12:00:00,,,0.05000000074505806,,,,,6.306666851043701,0.20000000298023224
2023-09-13 00:00:00,,,0.05000000074505806,,,,,,0.20000000298023224
2023-09-13 12:00:00,,,,1.3700000047683716,0.10000000149011612,,,,
2023-09-14 00:00:00,,,0.05000000074505806,,,,29.200000127156574,,
2023-09-14 12:00:00,,,0.05000000074505806,1.5,,,,,0.20000000298023224
2023-09-15 00:00:00,1.3666666944821675,,,,,,,6.273333470026652,0.20000000298023224
2023-09-15 12:00:00,,,0.05000000074505806,,,0.4000000059604645,,6.239999771118164,0.20000000298023224
2023-09-16 00:00:00,0.9333333174387614,0.35499999423821765,,,0.10000000149011612,0.40833333631356555,28.600000699361164,,0.20000000298023224
2023-09-16 12:00:00,1.100000023841858,0.3799999952316284,,,0.10000000149011612,,28.100000381469727,,
2023-09-17 00:00:00,1.100000023841858,,,0.9800000190734863,0.10000000149011612,0.44999998807907104,28.100000381469727,6.239999771118164,0.20000000298023224
2023-09-17 12:00:00,,0.3799999952316284,0.05000000074505806,0.9800000190734863,,0.44999998807907104,28.100000381469727,,0.20000000298023224
2023-09-18 00:00:00,1.100000023841858,,0.05000000074505806,,0.10000000149011612,0.44999998807907104,28.100000381469727,,
2023-09-18 12:00:00,1.100000023841858,,,,0.10000000149011612,0.44999998807907104,,6.239999771118164,0.20000000298023224
2023-09-19 00:00:00,1.1200000246365864,0.38666666050752,0.05000000074505806,1.04666668176651,0.10000000149011612,0.4549999882777532,,6.256666501363118,
2023-09-19 12:00:00,,0.41999998688697815,,,0.10000000149011612,,,,0.20000000298023224
2023-09-20 00:00:00,1.1800000270207722,,0.05000000074505806,1.34333332379659,0.10000000149011612,,24.049999554951984,,
2023-09-20 12:00:00,,0.4000000059604645,0.05000000074505806,,0.10000000149011612,0.46000000834465027,27.299999237060547,6.276666641235352,
2023-09-21 00:00:00,0.9666666785875956,,0.05000000074505806,,0.10000000149011612,0.4583333383003871,27.266666094462078,6.304999987284343,0.36666667213042575
2023-09-21 12:00:00,,0.3199999928474426,,1.2200000286102295,,0.44999998807907104,,,
2023-09-22 00:00:00,,0.326666663090388,0.054166667784253754,,0.11666666840513547,,27.383333524068195,6.2799999713897705,0.2666666731238365
2023-09-22 12:00:00,,,,1.440000057220459,,0.41999998688697815,28.799999237060547,,0.43333334227403003
2023-09-23 00:00:00,,,,,,,27.91666603088379,,
2023-09-23 12:00:00,0.949999988079071,0.3199999928474426,,,,0.44999998807907104,,6.139999866485596,
2023-09-24 00:00:00,0.949999988079071,,,,,0.44999998807907104,,6.139999866485596,
2023-09-24 12:00:00,0.949999988079071,,,,,0.44999998807907104,,6.139999866485596,
2023-09-25 00:00:00,,,,1.1649999618530273,,0.45166665812333423,,,0.20000000298023224
2023-09-25 12:00:00,,0.3799999952316284,0.05000000074505806,1.090000033378601,,,26.100000381469727,,0.36666667213042575
2023-09-26 00:00:00,1.2699999809265137,0.3833333303531011,0.05000000074505806,1.1500000357627869,,,,,
2023-09-26 12:00:00,,,,1.4500000476837158,,,,,0.20000000298023224
2023-09-27 00:00:00,1.1583333611488342,,,,,,,,
2023-09-27 12:00:00,,0.3199999928474426,,,,,,,
2023-09-28 00:00:00,,,0.05000000074505806,,,,,,0.20000000298023224
2023-09-28 12:00:00,0.8500000238418579,0.3199999928474426,0.05000000074505806,,,0.44999998807907104,28.200000762939453,6.239999771118164,
2023-09-29 00:00:00,0.8433333535989126,,,0.9666666785875956,,,27.416667302449543,6.229999780654907,0.20000000298023224
2023-09-29 12:00:00,,0.3499999940395355,0.05000000074505806,,,,,,0.20000000298023224
2023-09-30 00:00:00,0.8249999980131785,0.35833332935969037,,,0.10000000149011612,0.41999998688697815,23.766666730244953,,
2023-09-30 12:00:00,0.8999999761581421,,,0.75,,0.41999998688697815,25.100000381469727,6.190000057220459,
2023-10-01 00:00:00,0.8999999761581421,,0.05000000074505806,,,,,,0.20000000298023224
2023-10-01 12:00:00,,0.4000000059604645,0.05000000074505806,,,0.41999998688697815,25.100000381469727,,0.20000000298023224
2023-10-02 00:00:00,0.9583333134651184,,0.058333334202567734,0.8650000095367432,,,23.766667048136394,,
2023-10-02 12:00:00,1.25,0.4000000059604645,,,,,,,
2023-10-03 00:00:00,1.225000003973643,0.3966666708389918,0.10000000149011612,,,0.4566666732231776,,6.25,0.20000000298023224
2023-10-03 12:00:00,1.100000023841858,0.3799999952316284,,1.2599999904632568,0.10000000149011612,,,6.2833333015441895,
2023-10-04 00:00:00,,,0.10000000149011612,,0.11666666840513547,,,6.291666666666667,
2023-10-04 12:00:00,,0.4000000059604645,0.10000000149011612,,,,,,0.20000000298023224
2023-10-05 00:00:00,,,0.10000000149011612,,,,,6.336666584014893,0.23333333681027094
2023-10-05 12:00:00,,0.3799999952316284,0.10000000149011612,,0.10000000149011612,0.46000000834465027,,,
2023-10-06 00:00:00,1.1666666865348816,,,,,0.4583333383003871,,6.25,
2023-10-06 12:00:00,0.8999999761581421,0.3799999952316284,,,,0.44999998807907104,,,0.20000000298023224
2023-10-07 00:00:00,,,,1.2200000286102295,,,,6.400000095367432,0.20000000298023224
2023-10-07 12:00:00,,0.3799999952316284,,,,0.44999998807907104,,6.400000095367432,
2023-10-08 00:00:00,,,,1.1666666865348816,,0.44999998807907104,,,
2023-10-08 12:00:00,0.8100000023841858,,0.05000000074505806,,,0.44999998807907104,,,
2023-10-09 00:00:00,0.8383333384990692,0.3199999928474426,0.05000000074505806,0.9333333174387614,,0.44999998807907104,,6.303333520889282,
2023-10-09 12:00:00,,0.3199999928474426,,,,,,,
2023-10-10 00:00:00,0.9516666829586029,0.3166666626930237,0.058333334202567734,1.0750000178813934,,0.4449999878803889,,,0.20000000298023224
2023-10-10 12:00:00,,,0.10000000149011612,0.949999988079071,,0.41999998688697815,,6.416666507720947,
2023-10-11 00:00:00,0.8100000023841858,,0.10000000149011612,,0.10000000149011612,0.41999998688697815,,6.409999847412109,0.20000000298023224
2023-10-11 12:00:00,,0.30000001192092896,0.10000000149011612,0.949999988079071,0.10000000149011612,,,,
2023-10-12 00:00:00,,,0.10000000149011612,,,,,,0.20000000298023224
2023-10-12 12:00:00,0.8100000023841858,0.30000001192092896,,0.949999988079071,0.10000000149011612,0.41999998688697815,,6.409999847412109,0.20000000298023224
2023-10-13 00:00:00,0.8583333392937978,,0.10000000149011612,0.9999999900658926,,,,,0.23333333681027094
2023-10-13 12:00:00,,0.3799999952316284,,1.25,,,,,0.4000000059604645
2023-10-14 00:00:00,,,0.10000000149011612,1.2416666746139526,,0.4549999882777532,,6.178333202997844,0.4000000059604645
2023-10-14 12:00:00,1.159999966621399,,0.10000000149011612,1.2000000476837158,,0.47999998927116394,,6.070000171661377,0.4000000059604645
2023-10-15 00:00:00,,0.4000000059604645,,,,0.47999998927116394,,,0.4000000059604645
2023-10-15 12:00:00,1.159999966621399,0.4000000059604645,0.10000000149011612,,,,,,0.4000000059604645
2023-10-16 00:00:00,,,0.10000000149011612,1.2000000476837158,,0.47999998927116394,,6.070000171661377,0.4000000059604645
2023-10-16 12:00:00,1.159999966621399,,0.10000000149011612,1.2000000476837158,,0.47999998927116394,,,
2023-10-17 00:00:00,1.1249999701976776,0.3966666708389918,,,,,,,
2023-10-17 12:00:00,0.949999988079071,,0.05000000074505806,1.1799999475479126,0.10000000149011612,,,6.018333514531453,
2023-10-18 00:00:00,,0.3766666650772095,,1.1833332975705464,0.11666666840513547,,21.333333015441895,6.0400002002716064,0.4000000059604645
2023-10-18 12:00:00,,,0.05000000074505806,,,,23.5,,0.4000000059604645
2023-10-19 00:00:00,,0.36666667958100635,,1.2416667143503826,,0.4549999882777532,,6.068333387374878,
2023-10-19 12:00:00,1.0800000429153442,,,1.4500000476837158,,0.47999998927116394,,5.693333148956299,0.6333333551883698
2023-10-20 00:00:00,1.1033333738644917,,0.05000000074505806,1.371666709582011,,,22.633333206176758,5.724999825159709,
2023-10-20 12:00:00,,,0.05000000074505806,,,,,5.891666730244954,
2023-10-21 00:00:00,1.2200000286102295,,0.05000000074505806,0.9800000190734863,,0.41999998688697815,,,
2023-10-21 12:00:00,,0.3499999940395355,,0.9800000190734863,,0.41999998688697815,,,
2023-10-22 00:00:00,,0.3499999940395355,,0.9800000190734863,,,,5.900000095367432,
2023-10-22 12:00:00,1.2200000286102295,0.3499999940395355,,,0.10000000149011612,,,,0.4000000059604645
2023-10-23 00:00:00,,0.35499999423821765,0.05000000074505806,,0.11666666840513547,0.4266666571299235,,,
2023-10-23 12:00:00,,0.3799999952316284,0.05000000074505806,,,,,5.549999952316284,
2023-10-24 00:00:00,,0.3699999948342641,0.058333334202567734,1.3699999849001567,,0.4583333383003871,27.350000381469727,5.633333285649617,
2023-10-24 12:00:00,0.8999999761581421,0.3199999928474426,0.10000000149011612,1.2200000286102295,,,21.100000381469727,,
2023-10-25 00:00:00,,0.3333333283662796,,,,,,6.025000015894572,0.6333333551883698
2023-10-25 12:00:00,,0.4000000059604645,,,,,,,0.800000011920929
2023-10-26 00:00:00,,,,1.0533333520094554,,,,6.480000019073486,
2023-10-26 12:00:00,0.75,0.3799999952316284,0.05000000074505806,0.8199999928474426,,,,6.496666669845581,0.800000011920929
2023-10-27 00:00:00,0.828333338101705,0.38666666050752,0.058333334202567734,0.8466666638851166,,,,6.266666650772095,1.0000000099341075
2023-10-27 12:00:00,1.2200000286102295,,,0.9800000190734863,,0.47999998927116394,28.299999237060547,,1.0000000099341075
2023-10-28 00:00:00,,0.41999998688697815,0.10000000149011612,0.9800000190734863,,0.47999998927116394,28.299999237060547,5.579999923706055,0.800000011920929
2023-10-28 12:00:00,1.2200000286102295,0.41999998688697815,0.10000000149011612,,,0.47999998927116394,,,
2023-10-29 00:00:00,,0.41999998688697815,0.10000000149011612,,,,28.299999237060547,,
2023-10-29 12:00:00,,0.41999998688697815,,,,0.47999998927116394,,5.579999923706055,0.800000011920929
2023-10-30 00:00:00,1.2200000286102295,,0.10000000149011612,,,0.47999998927116394,28.299999237060547,5.579999923706055,0.800000011920929
2023-10-30 12:00:00,,,0.10000000149011612,0.9800000190734863,,,,,0.800000011920929
2023-10-31 00:00:00,1.193333347638448,,0.11666666840513547,,,,,5.633333285649617,0.800000011920929
2023-10-31 12:00:00,,,,,,,,5.924999872843425,0.800000011920929
2023-11-01 00:00:00,1.0466666221618652,,,1.1833332975705464,,,,,
2023-11-01 12:00:00,0.9800000190734863,,,1.2000000476837158,,,,,0.6333333551883698
2023-11-02 00:00:00,0.9583333532015482,0.3766666650772095,0.10000000149011612,,,,,5.523333231608073,
2023-11-02 12:00:00,0.8500000238418579,0.36000001430511475,,,,,,6.006666501363118,0.9000000357627869
2023-11-03 00:00:00,,,,,,0.4449999878803889,24.283334096272785,,
2023-11-03 12:00:00,,,0.10000000149011612,0.8600000143051147,0.10000000149011612,,,,
2023-11-04 00:00:00,0.7200000286102295,0.30000001192092896,,0.8600000143051147,0.10000000149011612,0.41999998688697815,,6.400000095367432,
2023-11-04 12:00:00,0.7200000286102295,,,0.8600000143051147,,,,,
2023-11-05 00:00:00,,,0.10000000149011612,,0.10000000149011612,,,,
2023-11-05 12:00:00,0.7200000286102295,0.30000001192092896,0.10000000149011612,0.8600000143051147,0.10000000149011612,,,6.400000095367432,0.20000000298023224
2023-11-06 00:00:00,0.7350000242392222,0.30833334227403003,0.09166666803260644,,0.10000000149011612,0.41999998688697815,24.8000005086263,,
2023-11-06 12:00:00,0.8100000023841858,,0.05000000074505806,1.100000023841858,0.10000000149011612,0.41999998688697815,25.299999237060547,6.413333415985107,
2023-11-07 00:00:00,,,,,0.10000000149011612,,,6.403333425521851,
2023-11-07 12:00:00,0.699999988079071,,0.05000000074505806,,,,,6.453333377838135,0.6000000238418579
2023-11-08 00:00:00,0.7083333233992258,0.28333333631356555,,0.828333338101705,0.10000000149011612,0.3633333444595337,23.250000317891438,6.443333387374878,
2023-11-08 12:00:00,0.75,0.30000001192092896,,,0.10000000149011612,,26.5,,
2023-11-09 00:00:00,0.7600000003973643,0.3033333420753479,0.05000000074505806,,0.10000000149011612,,25.916666666666668,,0.23333333681027094
2023-11-09 12:00:00,0.8100000023841858,,,0.949999988079071,,0.4000000059604645,,6.423333406448364,
2023-11-10 00:00:00,,0.32999999324480694,,,0.10000000149011612,,,6.426666736602783,
2023-11-10 12:00:00,0.8999999761581421,0.3799999952316284,,1.1799999475479126,0.10000000149011612,0.4000000059604645,,6.426666736602783,0.20000000298023224
2023-11-11 00:00:00,,0.3799999952316284,,1.1799999475479126,0.10000000149011612,,,6.420000076293945,0.20000000298023224
2023-11-11 12:00:00,0.8999999761581421,,0.05000000074505806,1.1799999475479126,,0.4000000059604645,,,
2023-11-12 00:00:00,0.8999999761581421,,0.05000000074505806,,,0.4000000059604645,,,
2023-11-12 12:00:00,0.8999999761581421,,,,,0.4000000059604645,24.399999618530273,6.420000076293945,
2023-11-13 00:00:00,0.9083333114782969,,,1.1666666269302368,,,25.06666628519694,6.108333428700765,0.5000000024835268
2023-11-13 12:00:00,,0.36000001430511475,,1.100000023841858,,,28.399999618530273,,
2023-11-14 00:00:00,,,0.058333334202567734,1.100000023841858,,0.44999998807907104,,,
2023-11-14 12:00:00,0.949999988079071,,0.10000000149011612,1.100000023841858,,0.44999998807907104,27.5,,0.20000000298023224
2023-11-15 00:00:00,,,0.09166666803260644,,,,,6.246666669845581,
2023-11-15 12:00:00,,,,0.9800000190734863,,0.4000000059604645,28.299999237060547,6.271666844685872,0.20000000298023224
2023-11-16 00:00:00,1.190000017484029,,,1.0083333452542622,0.10000000149011612,,,,
2023-11-16 12:00:00,1.0399999618530273,0.3799999952316284,,,0.10000000149011612,,,,
2023-11-17 00:00:00,1.0583332975705464,,0.05000000074505806,1.1699999769528706,,0.4266666571299235,26.200000127156574,5.959999879201253,0.36666667213042575
2023-11-17 12:00:00,1.149999976158142,,,1.2699999809265137,,,,,0.20000000298023224
2023-11-18 00:00:00,,,,,,0.45000000794728595,26.783334096272785,6.055000066757202,0.30000000447034836
2023-11-18 12:00:00,0.75,0.3199999928474426,,0.800000011920929,0.10000000149011612,,,5.579999923706055,
2023-11-19 00:00:00,0.75,,0.05000000074505806,,0.10000000149011612,,,,
2023-11-19 12:00:00,,,0.05000000074505806,0.800000011920929,,0.4000000059604645,,,0.800000011920929
2023-11-20 00:00:00,,0.32499999304612476,,,0.10000000149011612,0.4033333361148834,,5.516666571299235,
2023-11-20 12:00:00,0.8100000023841858,,0.05000000074505806,1.100000023841858,,,,,
2023-11-21 00:00:00,0.8566666742165884,0.35499999423821765,0.05000000074505806,1.0750000178813934,0.11666666840513547,0.4249999870856603,,5.865000168482463,0.9000000357627869
2023-11-21 12:00:00,1.090000033378601,0.3799999952316284,,,,0.44999998807907104,,,
2023-11-22 00:00:00,,,0.05000000074505806,,,0.44166665772596997,,5.688333511352539,
2023-11-22 12:00:00,0.7300000190734863,,0.05000000074505806,0.8999999761581421,,0.4000000059604645,,5.838333368301392,
2023-11-23 00:00:00,0.800000011920929,0.32999999324480694,,0.9583333134651184,,0.4100000063578288,,,
2023-11-23 12:00:00,1.149999976158142,0.3799999952316284,0.05000000074505806,,,0.46000000834465027,21.399999618530273,,0.36666667213042575
2023-11-24 00:00:00,,,0.05000000074505806,,,,21.999999682108562,5.956666549046834,0.7999999970197678
2023-11-24 12:00:00,,0.36000001430511475,,,0.10000000149011612,0.41999998688697815,25.0,,
2023-11-25 00:00:00,0.9200000166893005,0.36000001430511475,0.05000000074505806,,,,25.0,,
2023-11-25 12:00:00,0.9200000166893005,,0.05000000074505806,,0.10000000149011612,,,,0.800000011920929
2023-11-26 00:00:00,0.9200000166893005,0.36000001430511475,0.05000000074505806,,,,,,0.800000011920929
2023-11-26 12:00:00,,0.36000001430511475,,,,,,,0.800000011920929
2023-11-27 00:00:00,0.9300000170866648,0.35000001390775043,0.05000000074505806,1.1283333500226338,,,,,
2023-11-27 12:00:00,,,0.05000000074505806,,,,,,
2023-11-28 00:00:00,1.0133333404858906,,,1.2683333158493042,0.10000000149011612,0.4166666567325592,,5.883333524068196,0.7000000104308128
2023-11-28 12:00:00,,,0.05000000074505806,1.2599999904632568,,,,6.383333444595337,0.20000000298023224
2023-11-29 00:00:00,,,,,0.10000000149011612,0.3933333406845729,,,
2023-11-29 12:00:00,,0.30000001192092896,,1.059999942779541,,0.36000001430511475,,6.408333381017049,
2023-11-30 00:00:00,,0.3033333420753479,,1.0866666237513225,,,,,0.20000000298023224
2023-11-30 12:00:00,,0.3199999928474426,,,0.10000000149011612,,,6.426666736602783,
2023-12-01 00:00:00,0.9500000178813934,,,1.1800000270207722,,,,,0.3666666770974795
2023-12-01 12:00:00,0.800000011920929,,,0.9800000190734863,0.10000000149011612,,,,
2023-12-02 00:00:00,,0.3166666775941849,0.05000000074505806,0.996666689713796,0.11666666840513547,,,5.856666564941406,
2023-12-02 12:00:00,,,0.05000000074505806,1.0800000429153442,,,,,0.4000000059604645
2023-12-03 00:00:00,1.2799999713897705,0.4000000059604645,,,,0.47999998927116394,23.799999237060547,5.889999866485596,0.4000000059604645
2023-12-03 12:00:00,1.2799999713897705,,,,,0.47999998927116394,,,
2023-12-04 00:00:00,1.2799999713897705,0.4000000059604645,0.05000000074505806,1.0800000429153442,,,,5.889999866485596,
2023-12-04 12:00:00,1.2799999713897705,,0.05000000074505806,1.0800000429153442,,,23.799999237060547,5.889999866485596,
2023-12-05 00:00:00,1.201666643222173,0.3866666704416275,0.058333334202567734,1.0583333671092987,,0.4749999890724818,22.84999942779541,,
2023-12-05 12:00:00,0.8100000023841858,0.3199999928474426,,0.949999988079071,,,,6.454999844233195,
2023-12-06 00:00:00,,0.3333333283662796,0.10000000149011612,,0.10000000149011612,0.4449999878803889,,,
2023-12-06 12:00:00,,,,,,0.41999998688697815,26.799999237060547,6.493333339691162,0.4000000059604645
2023-12-07 00:00:00,0.999999980131785,,,0.9666666785875956,0.10000000149011612,,,,0.9166666716337204
2023-12-07 12:00:00,0.8500000238418579,0.36000001430511475,0.05000000074505806,,0.10000000149011612,,28.200000762939453,5.558333158493042,
2023-12-08 00:00:00,,,,0.8999999761581421,0.10000000149011612,,27.283334096272785,5.608333190282186,
2023-12-08 12:00:00,,0.3199999928474426,,,,0.4000000059604645,22.700000762939453,,
2023-12-09 00:00:00,0.8583333392937978,,0.05000000074505806,,,0.40833333631356555,23.40000057220459,5.436666806538899,
2023-12-09 12:00:00,,0.3799999952316284,,0.9800000190734863,0.10000000149011612,,26.899999618530273,,
2023-12-10 00:00:00,,0.3799999952316284,0.05000000074505806,0.9800000190734863,0.10000000149011612,,,,
2023-12-10 12:00:00,,,,0.9800000190734863,,,26.899999618530273,,
2023-12-11 00:00:00,1.100000023841858,,,0.9800000190734863,,,26.899999618530273,,
2023-12-11 12:00:00,,,0.05000000074505806,0.9800000190734863,,0.44999998807907104,,,
2023-12-12 00:00:00,1.0416666865348816,0.3766666650772095,0.05000000074505806,,,0.4449999878803889,25.78333314259847,,
2023-12-12 12:00:00,0.75,,0.05000000074505806,,0.10000000149011612,0.41999998688697815,,,0.20000000298023224
2023-12-13 00:00:00,,0.36000001430511475,0.05000000074505806,,0.10000000149011612,,,6.03333314259847,0.20000000298023224
2023-12-13 12:00:00,0.9608333508173624,0.37833333015441895,,0.9300000121196111,0.10000000149011612,,,6.277500192324321,
2023-12-14 00:00:00,,,,0.8916666805744171,,,,,0.20000000298023224
2023-12-14 12:00:00,,0.3199999928474426,,0.75,0.10000000149011612,,20.799999237060547,,0.20000000298023224
2023-12-15 00:00:00,0.8916666805744171,0.32999999324480694,0.058333334202567734,0.7783333361148834,,,,,
2023-12-15 12:00:00,0.75,0.3799999952316284,,,,,,,0.20000000298023224
2023-12-16 00:00:00,,0.3766666650772095,0.10000000149011612,0.8916666805744171,,,,6.425000031789144,
2023-12-16 12:00:00,,,,,,0.4000000059604645,,6.449999809265137,0.20000000298023224
2023-12-17 00:00:00,,0.36000001430511475,,,,,,,
2023-12-17 12:00:00,,0.36000001430511475,,,,0.4000000059604645,,,
2023-12-18 00:00:00,,,0.10000000149011612,0.75,,0.4000000059604645,,,0.20000000298023224
2023-12-18 12:00:00,0.8100000023841858,0.36000001430511475,,0.75,,,,6.449999809265137,0.20000000298023224
2023-12-19 00:00:00,0.8183333377043406,,,0.7450000047683716,,0.4033333361148834,,6.454999844233195,
2023-12-19 12:00:00,,,,0.7200000286102295,0.10000000149011612,0.41999998688697815,,6.430000066757202,
2023-12-20 00:00:00,0.9083333412806193,0.35499999423821765,,,,0.4266666571299235,,,0.28333333879709244
2023-12-20 12:00:00,1.149999976158142,0.3799999952316284,,0.9800000190734863,0.10000000149011612,0.46000000834465027,,5.699999809265137,
2023-12-21 00:00:00,1.1583333214124043,,0.10000000149011612,,,0.4633333384990692,,,
2023-12-21 12:00:00,,,0.10000000149011612,,,0.47999998927116394,26.600000381469727,5.651666482289632,0.6666666865348816
2023-12-22 00:00:00,1.135000040133794,0.3933333406845729,,,,0.4749999890724818,,5.633333126703898,0.800000011920929
2023-12-22 12:00:00,,,0.10000000149011612,,,,28.299999237060547,,
2023-12-23 00:00:00,0.8100000023841858,,0.10000000149011612,,,,,,
2023-12-23 12:00:00,,,,0.8999999761581421,,0.44999998807907104,28.299999237060547,,
2023-12-24 00:00:00,,0.36000001430511475,0.10000000149011612,,,0.44999998807907104,,,
2023-12-24 12:00:00,0.8100000023841858,0.36000001430511475,,0.8999999761581421,,0.44999998807907104,28.299999237060547,,
2023-12-25 00:00:00,0.8100000023841858,,0.10000000149011612,0.8999999761581421,,,28.299999237060547,,
2023-12-25 12:00:00,0.8100000023841858,0.36000001430511475,,,,0.44999998807907104,28.299999237060547,,
2023-12-26 00:00:00,,0.3633333444595337,,0.9416666428248087,,,,,
2023-12-26 12:00:00,0.9800000190734863,,,1.149999976158142,0.10000000149011612,,,,
2023-12-27 00:00:00,,,,,0.10000000149011612,0.4583333383003871,,6.416666746139526,0.20000000298023224
2023-12-27 12:00:00,,,,0.8600000143051147,0.10000000149011612,0.44999998807907104,,,0.20000000298023224
2023-12-28 00:00:00,0.9200000166893005,,,,0.10000000149011612,,26.549999554951984,,
2023-12-28 12:00:00,1.2200000286102295,,0.10000000149011612,,0.10000000149011612,0.47999998927116394,,,0.20000000298023224
2023-12-29 00:00:00,,,,,,0.4599999934434891,27.183332761128742,,0.6333333278695742
2023-12-29 12:00:00,0.6200000047683716,0.2800000011920929,0.10000000149011612,,,0.36000001430511475,26.600000381469727,,0.7999999970197678
2023-12-30 00:00:00,0.6316666702429453,0.28333333631356555,,0.7333333492279053,0.10000000149011612,,27.133333524068195,,
2023-12-30 12:00:00,,0.30000001192092896,,,,0.4000000059604645,,5.789999961853027,
2023-12-31 00:00:00,0.6899999976158142,,0.10000000149011612,,,,29.799999237060547,5.789999961853027,
